{"cameraMode":{"drawMode":0,"name":"Shaded","section":"Shading Mode"},"sceneLighting":false,"audioPlay":false,"sceneViewState":{"showFog":true,"showMaterialUpdate":false,"showSkybox":false,"showFlares":true,"showImageEffects":true,"showParticleSystems":true},"in2DMode":false,"pivot":{"x":61.33583068847656,"y":2.4315614700317385,"z":24.970415115356447},"rotation":{"x":0.569067656993866,"y":0.007400342263281345,"z":-0.005121857859194279,"w":0.822243332862854},"size":3.2709593772888185,"orthographic":true}