{"cameraMode":{"drawMode":0,"name":"Shaded","section":"Shading Mode"},"sceneLighting":false,"audioPlay":false,"sceneViewState":{"showFog":true,"showMaterialUpdate":false,"showSkybox":false,"showFlares":true,"showImageEffects":true,"showParticleSystems":true},"in2DMode":false,"pivot":{"x":-4.172325134277344e-7,"y":0.25751763582229617,"z":0.04566240310668945},"rotation":{"x":0.4389021396636963,"y":-0.02021404542028904,"z":0.009876915253698826,"w":0.8982536196708679},"size":2.035187005996704,"orthographic":false}