{"cameraMode":{"drawMode":0,"name":"Shaded","section":"Shading Mode"},"sceneLighting":false,"audioPlay":false,"sceneViewState":{"showFog":true,"showMaterialUpdate":false,"showSkybox":false,"showFlares":true,"showImageEffects":true,"showParticleSystems":true},"in2DMode":false,"pivot":{"x":49.16999816894531,"y":313.68017578125,"z":0.0},"rotation":{"x":-0.00899976585060358,"y":0.010499325580894947,"z":0.0000945373103604652,"w":0.999906599521637},"size":68.00665283203125,"orthographic":true}