{"cameraMode":{"drawMode":0,"name":"Shaded","section":"Shading Mode"},"sceneLighting":false,"audioPlay":false,"sceneViewState":{"showFog":true,"showMaterialUpdate":false,"showSkybox":false,"showFlares":true,"showImageEffects":true,"showParticleSystems":true},"in2DMode":false,"pivot":{"x":50.20256805419922,"y":1.370906801412275e-7,"z":30.89674949645996},"rotation":{"x":0.619594156742096,"y":0.01648087613284588,"z":-0.013012801297008992,"w":0.7846429944038391},"size":1.6263463497161866,"orthographic":true}