{"cameraMode":{"drawMode":0,"name":"Shaded","section":"Shading Mode"},"sceneLighting":false,"audioPlay":false,"sceneViewState":{"showFog":true,"showMaterialUpdate":false,"showSkybox":false,"showFlares":true,"showImageEffects":true,"showParticleSystems":true},"in2DMode":false,"pivot":{"x":42.130001068115237,"y":10.630001068115235,"z":25.84000015258789},"rotation":{"x":0.5780947804450989,"y":-0.06833835691213608,"z":0.048676058650016788,"w":0.8116511106491089},"size":1.25083327293396,"orthographic":true}