{"cameraMode":{"drawMode":0,"name":"Shaded","section":"Shading Mode"},"sceneLighting":false,"audioPlay":false,"sceneViewState":{"showFog":true,"showMaterialUpdate":false,"showSkybox":false,"showFlares":true,"showImageEffects":true,"showParticleSystems":true},"in2DMode":false,"pivot":{"x":44.709999084472659,"y":4.897517681121826,"z":36.1656608581543},"rotation":{"x":0.3257383406162262,"y":0.5440130233764648,"z":-0.24119743704795838,"w":0.7346933484077454},"size":2.035187244415283,"orthographic":false}